{"RL-204.jpg": [[285, 148, 292, 155, 0.9334319051512481]], "RL-143.jpg": [], "RL-233.jpg": [], "RL-271.jpg": [[205, 345, 212, 352, 0.9567184126785147], [249, 234, 256, 241, 0.9547210899780934], [252, 430, 259, 437, 0.9540834642979706]], "RL-223.jpg": [], "RL-201.jpg": [], "RL-081.jpg": [], "RL-034.jpg": [[453, 181, 460, 188, 0.93668404856554], [280, 51, 287, 58, 0.9246745627167676]], "RL-066.jpg": [], "RL-122.jpg": [[192, 71, 199, 78, 0.9255122986886068], [212, 472, 219, 479, 0.9237274675055688]], "RL-113.jpg": [[289, 390, 296, 397, 0.9542238265790627], [329, 252, 336, 259, 0.9532413190980856], [330, 471, 337, 478, 0.939402379395767]], "RL-083.jpg": [], "RL-334.jpg": [[273, 288, 280, 295, 0.9348157559481101], [287, 300, 294, 307, 0.9343707666006442], [280, 268, 287, 275, 0.9243420794542041]], "RL-321.jpg": [], "RL-021.jpg": [[189, 54, 196, 61, 0.9465470288292052], [399, 234, 406, 241, 0.9435840206417582], [272, 492, 279, 499, 0.9269936891463744]], "RL-329.jpg": [[218, 135, 225, 142, 0.927435574478664]], "RL-239.jpg": [], "RL-135.jpg": [[224, 197, 231, 204, 0.9415296935702133]], "RL-197.jpg": [], "RL-150.jpg": [], "RL-151.jpg": [], "RL-167.jpg": [], "RL-263.jpg": [], "RL-091.jpg": [], "RL-030.jpg": [], "RL-022.jpg": [[414, 371, 421, 378, 0.9410213668500541], [418, 246, 425, 253, 0.9374081978605089], [427, 328, 434, 335, 0.9208168489300005]], "RL-063.jpg": [], "RL-080.jpg": [], "RL-194.jpg": [], "RL-295.jpg": [[246, 15, 253, 22, 0.9731851270474321]], "RL-137.jpg": [[202, 191, 209, 198, 0.9769321419884262], [168, 333, 175, 340, 0.9482699644475926], [424, 404, 431, 411, 0.9332359070213023], [206, 399, 213, 406, 0.9320012054145446]], "RL-149.jpg": [[223, 378, 230, 385, 0.957941122855529]], "RL-157.jpg": [[291, 346, 298, 353, 0.9703795116259903], [335, 424, 342, 431, 0.9629801125642635], [326, 205, 333, 212, 0.9617981753015852]], "RL-326.jpg": [[248, 393, 255, 400, 0.946236884031056], [251, 165, 258, 172, 0.9396899958916882], [306, 264, 313, 271, 0.9389018385692294]], "RL-332.jpg": [[268, 78, 275, 85, 0.9646424734722148], [221, 253, 228, 260, 0.951776199415632], [266, 392, 273, 399, 0.9457301204600115]], "RL-115.jpg": [[282, 239, 289, 246, 0.9518768339441657], [281, 415, 288, 422, 0.9385010263385627], [246, 340, 253, 347, 0.9336189647115696]], "RL-056.jpg": [[244, 324, 251, 331, 0.9308388195539374]], "RL-140.jpg": [], "RL-180.jpg": [], "RL-266.jpg": [[274, 410, 281, 417, 0.9330131841519883]], "RL-161.jpg": [[228, 355, 235, 362, 0.9201415335951871]], "RL-049.jpg": [[455, 433, 462, 440, 0.9480731111444711]], "RL-158.jpg": [[171, 350, 178, 357, 0.9700234075233246], [208, 211, 215, 218, 0.9648887903518304], [215, 427, 222, 434, 0.9452473833378235]], "RL-072.jpg": [[43, 521, 50, 528, 0.9302583193200477], [116, 591, 123, 598, 0.9219112705281398]], "RL-132.jpg": [], "RL-126.jpg": [], "RL-092.jpg": [[186, 212, 193, 219, 0.9653392592224466], [152, 303, 159, 310, 0.9436224181694175], [192, 371, 199, 378, 0.9429634222856161]], "RL-196.jpg": [[231, 404, 238, 411, 0.9527257636462875], [217, 97, 224, 104, 0.9503619847084842], [184, 268, 191, 275, 0.9410833083365218], [188, 323, 195, 330, 0.9223272487130763]], "RL-119.jpg": [], "RL-324.jpg": [[251, 128, 258, 135, 0.9790033905377195], [223, 255, 230, 262, 0.9272018708345996], [293, 350, 300, 357, 0.9262307981920611]]}