{"RL-204.jpg": [[232, 437, 239, 444, 0.9394539466269604], [285, 148, 292, 155, 0.9358982153027422], [285, 133, 292, 140, 0.9203793756783765]], "RL-143.jpg": [], "RL-233.jpg": [], "RL-271.jpg": [[249, 234, 256, 241, 0.9739672112537872], [205, 345, 212, 352, 0.9714101798158868], [252, 430, 259, 437, 0.9638257014804452]], "RL-223.jpg": [], "RL-201.jpg": [], "RL-081.jpg": [], "RL-034.jpg": [[453, 181, 460, 188, 0.9449616153420409], [280, 51, 287, 58, 0.9316921151959379]], "RL-066.jpg": [], "RL-122.jpg": [[212, 472, 219, 479, 0.9435991585099228], [199, 174, 206, 181, 0.9343763142024494], [192, 71, 199, 78, 0.9268530340812768], [228, 264, 235, 271, 0.9240205851440827], [210, 444, 217, 451, 0.9213896937835876]], "RL-113.jpg": [[289, 390, 296, 397, 0.9633868854856147], [329, 252, 336, 259, 0.9601660481203134], [330, 471, 337, 478, 0.9545267028974201], [357, 250, 364, 257, 0.9372002842400007]], "RL-083.jpg": [], "RL-334.jpg": [[273, 288, 280, 295, 0.9618782024186204], [287, 300, 294, 307, 0.9430551924734062], [280, 268, 287, 275, 0.9415846299623687]], "RL-321.jpg": [], "RL-021.jpg": [[399, 234, 406, 241, 0.9569978615237213], [189, 54, 196, 61, 0.9550365646568922], [272, 492, 279, 499, 0.9478885331921502], [343, 516, 350, 523, 0.9313052710419134], [411, 270, 418, 277, 0.926372203226656], [408, 252, 415, 259, 0.9254020824140583]], "RL-329.jpg": [[218, 135, 225, 142, 0.9362811116358541], [315, 235, 322, 242, 0.9255444202305421]], "RL-239.jpg": [[263, 275, 270, 282, 0.9241937829645474]], "RL-135.jpg": [[224, 197, 231, 204, 0.9528698360313225], [192, 339, 199, 346, 0.9355760899622327], [452, 406, 459, 413, 0.9353735495784151], [231, 405, 238, 412, 0.9321522339251955]], "RL-197.jpg": [], "RL-150.jpg": [], "RL-151.jpg": [], "RL-167.jpg": [[272, 620, 279, 627, 0.9245609045277536]], "RL-263.jpg": [], "RL-091.jpg": [[32, 80, 39, 87, 0.9210759631508837]], "RL-030.jpg": [], "RL-022.jpg": [[418, 246, 425, 253, 0.962209869090558], [414, 371, 421, 378, 0.9500590530693385], [422, 200, 429, 207, 0.9438001985911525], [427, 328, 434, 335, 0.9270231132831496]], "RL-063.jpg": [], "RL-080.jpg": [], "RL-194.jpg": [[194, 306, 201, 313, 0.9300180580440621], [430, 279, 437, 286, 0.9284852807605736]], "RL-295.jpg": [[246, 15, 253, 22, 0.978418260544822]], "RL-137.jpg": [[202, 191, 209, 198, 0.9842367247147091], [168, 333, 175, 340, 0.9574127000817334], [206, 399, 213, 406, 0.9488214959844091], [424, 404, 431, 411, 0.9448654191850759], [466, 39, 473, 46, 0.929398686441687]], "RL-149.jpg": [[223, 378, 230, 385, 0.9736150307911625], [185, 311, 192, 318, 0.9341318066329958]], "RL-157.jpg": [[291, 346, 298, 353, 0.9814517772585252], [335, 424, 342, 431, 0.9743696533794084], [326, 205, 333, 212, 0.9675041024814492]], "RL-326.jpg": [[248, 393, 255, 400, 0.9648019253968886], [251, 165, 258, 172, 0.9632599193179159], [306, 264, 313, 271, 0.9522576852149399]], "RL-332.jpg": [[268, 78, 275, 85, 0.9774321845337811], [266, 392, 273, 399, 0.9661228027708275], [221, 253, 228, 260, 0.9598788965827896]], "RL-115.jpg": [[282, 239, 289, 246, 0.9728666568919316], [281, 415, 288, 422, 0.965798630719078], [246, 340, 253, 347, 0.9545378591602734]], "RL-056.jpg": [[244, 324, 251, 331, 0.9591710610849405], [400, 237, 407, 244, 0.9338036781404029], [396, 499, 403, 506, 0.9218577817826544]], "RL-140.jpg": [], "RL-180.jpg": [], "RL-266.jpg": [[274, 410, 281, 417, 0.9421282839603291], [289, 39, 296, 46, 0.9246184660093127]], "RL-161.jpg": [[228, 355, 235, 362, 0.9230688969901337]], "RL-049.jpg": [[455, 433, 462, 440, 0.9616376060430628]], "RL-158.jpg": [[171, 350, 178, 357, 0.9806043605790534], [208, 211, 215, 218, 0.9724133931282877], [215, 427, 222, 434, 0.9556091465388762]], "RL-072.jpg": [[43, 521, 50, 528, 0.9284111311284228], [116, 591, 123, 598, 0.9274820213066497], [51, 629, 58, 636, 0.9261051914548849], [408, 254, 415, 261, 0.9206776657154734]], "RL-132.jpg": [], "RL-126.jpg": [], "RL-092.jpg": [[186, 212, 193, 219, 0.9788954036739416], [192, 371, 199, 378, 0.954329333463306], [152, 303, 159, 310, 0.9497732807161677]], "RL-196.jpg": [[217, 97, 224, 104, 0.9622380357508389], [231, 404, 238, 411, 0.9611362441848685], [184, 268, 191, 275, 0.9603121230031921], [188, 323, 195, 330, 0.938191239818993]], "RL-119.jpg": [], "RL-324.jpg": [[251, 128, 258, 135, 0.9864668595089638], [293, 350, 300, 357, 0.9480425882019445], [223, 255, 230, 262, 0.9337714818573187]]}